GRUPO VOLPE;EMPRESA;CNPJ
GRUPO VOLPE;VOLPE LTDA (LOJA 01 - VOLPE MATRIZ);26.888.098/0001-59
GRUPO VOLPE;VOLPE LTDA (LOJA 02 - VOLPE ZOIAO (SÃO MATEUS);26.888.098/0002-30
GRUPO VOLPE;VOLPE LTDA (LOJA 03 - VOLPE MAUÁ);26.888.098/0003-10
GRUPO VOLPE;VOLPE LTDA (LOJA 04 - VOLPE DIADEMA);26.888.098/0004-00
GRUPO VOLPE;VOLPE LTDA (LOJA 05 - VOLPE GRAJAÚ);26.888.098/0005-82
GRUPO VOLPE;VOLPE LTDA (LOJA 06 - VOLPE SANTO ANDRÉ);26.888.098/0006-63
GRUPO VOLPE;VOLPE LTDA (LOJA 07 - VOLPE CAMPO LIMPO);26.888.098/0007-44
GRUPO VOLPE;VOLPE LTDA (LOJA 08 - VOLPE BRASILÂNDIA);26.888.098/0008-25
GRUPO VOLPE;VOLPE LTDA (LOJA 09 - VOLPE POÁ);26.888.098/0009-06
GRUPO VOLPE;VOLPE LTDA (LOJA 10 - VOLPE ITAIM (JARDIM BARTIRA));26.888.098/0010-40
GRUPO VOLPE;VOLPE LTDA ( VOLPE PRAIA GRANDE);26.888.098/0011-20
GRUPO VOLPE;VOLPE LTDA (LOJA 12 - VOLPE ITANHAÉM);26.888.098/0012-01
GRUPO VOLPE;VOLPE LTDA (LOJA 13 - VOLPE SÃO MATHEUS);26.888.098/0013-92